Workbook

Sheet HR_Data_Cleaned
A1: Employee_ID | B1: Name | C1: Department | D1: Gender | E1: Job_Role | F1: Education | G1: Age | H1: Salary | I1: Bonus | J1: Attrition | K1: TotalCoMalepensation
A2: 1001 | B2: Emp_1 | C2: Sales | D2: Male | E2: Manager | F2: High School | G2: 39 | H2: 39239 | I2: 6909 | J2: No | K2: =HR_Data[[#This Row],[Salary]]+HR_Data[[#This Row],[Bonus]] -> 46148
A3: 1002 | B3: Emp_2 | C3: Marketing | D3: Male | E3: Consultant | F3: Masters | G3: 53 | H3: 30416 | I3: 17150 | J3: No | K3: =HR_Data[[#This Row],[Salary]]+HR_Data[[#This Row],[Bonus]] -> 47566
A4: 1003 | B4: Emp_3 | C4: IT | D4: Female | E4: Executive | F4: High School | G4: 24 | H4: 23412 | I4: 28602 | J4: No | K4: =HR_Data[[#This Row],[Salary]]+HR_Data[[#This Row],[Bonus]] -> 52014
A5: 1004 | B5: Emp_4 | C5: Marketing | D5: Female | E5: Engineer | F5: Masters | G5: 23 | H5: 101976 | I5: 5080 | J5: No | K5: =HR_Data[[#This Row],[Salary]]+HR_Data[[#This Row],[Bonus]] -> 107056
A6: 1005 | B6: Emp_5 | C6: Marketing | D6: Male | E6: Executive | F6: PhD | G6: 54 | H6: 44406 | I6: 7083 | J6: No | K6: =HR_Data[[#This Row],[Salary]]+HR_Data[[#This Row],[Bonus]] -> 51489
A7: 1006 | B7: Emp_6 | C7: Finance | D7: Female | E7: Consultant | F7: PhD | G7: 40 | H7: 21875 | I7: 18378 | J7: No | K7: =HR_Data[[#This Row],[Salary]]+HR_Data[[#This Row],[Bonus]] -> 40253
A8: 1007 | B8: Emp_7 | C8: IT | D8: Male | E8: Manager | F8: Masters | G8: 38 | H8: 57066 | I8: 20217 | J8: No | K8: =HR_Data[[#This Row],[Salary]]+HR_Data[[#This Row],[Bonus]] -> 77283
A9: 1008 | B9: Emp_8 | C9: IT | D9: Male | E9: Analyst | F9: Bachelors | G9: 54 | H9: 25752 | I9: 23074 | J9: No | K9: =HR_Data[[#This Row],[Salary]]+HR_Data[[#This Row],[Bonus]] -> 48826
A10: 1009 | B10: Emp_9 | C10: IT | D10: Male | E10: Consultant | F10: High School | G10: 33 | H10: 106753 | I10: 22140 | J10: No | K10: =HR_Data[[#This Row],[Salary]]+HR_Data[[#This Row],[Bonus]] -> 128893
A11: 1010 | B11: Emp_10 | C11: Marketing | D11: Male | E11: Manager | F11: PhD | G11: 24 | H11: 98025 | I11: 7670 | J11: Yes | K11: =HR_Data[[#This Row],[Salary]]+HR_Data[[#This Row],[Bonus]] -> 105695
A12: 1011 | B12: Emp_11 | C12: Sales | D12: Female | E12: Engineer | F12: Bachelors | G12: 47 | H12: 21353 | I12: 8751 | J12: No | K12: =HR_Data[[#This Row],[Salary]]+HR_Data[[#This Row],[Bonus]] -> 30104
A13: 1012 | B13: Emp_12 | C13: IT | D13: Male | E13: Executive | F13: High School | G13: 56 | H13: 46986 | I13: 16744 | J13: No | K13: =HR_Data[[#This Row],[Salary]]+HR_Data[[#This Row],[Bonus]] -> 63730
... A2001: 3000 | B2001: Emp_2000 | C2001: Finance | D2001: Female | E2001: Analyst | F2001: PhD | G2001: 38 | H2001: 81855 | I2001: 11574 | J2001: Yes | K2001: =HR_Data[[#This Row],[Salary]]+HR_Data[[#This Row],[Bonus]] -> 93429

Sheet Analysis
A1: KPI | B1: Value
A2: Total Employees | B2: =COUNTA(HR_Data[Employee_ID]) -> 2000 | D2: Row Labels | E2: Count of Salary | G2: Count of Employee_ID | H2: Column Labels
A3: Attrition Count | B3: =COUNTIF(HR_Data[Attrition],"Yes") -> 390 | D3: Finance | E3: 320 | G3: Row Labels | H3: Yes | I3: No | J3: Unknown | K3: Grand Total
A4: Attrition Rate | B4: =B3/B2 -> 0.195 | D4: HR | E4: 347 | G4: Finance | H4: 55 | I4: 258 | J4: 7 | K4: 320
A5: Average Age | B5: =AVERAGE(HR_Data[Age]) -> 40.469 | D5: IT | E5: 323 | G5: HR | H5: 69 | I5: 271 | J5: 7 | K5: 347
A6: Average Salary | B6: =AVERAGE(HR_Data[Salary]) -> 69554.532 | D6: Marketing | E6: 333 | G6: IT | H6: 63 | I6: 253 | J6: 7 | K6: 323
A7: Average Bonus | B7: =AVERAGE(HR_Data[Bonus]) -> 17676.264 | D7: Operations | E7: 319 | G7: Marketing | H7: 70 | I7: 258 | J7: 5 | K7: 333
A8: Average Total Compensation | B8: =AVERAGE(HR_Data[TotalCoMalepensation]) -> 87230.796 | D8: Sales | E8: 319 | G8: Operations | H8: 59 | I8: 257 | J8: 3 | K8: 319
D9: Unknown | E9: 39 | G9: Sales | H9: 68 | I9: 245 | J9: 6 | K9: 319
D10: Grand Total | E10: 2000 | G10: Unknown | H10: 6 | I10: 28 | J10: 5 | K10: 39
G11: Grand Total | H11: 390 | I11: 1570 | J11: 40 | K11: 2000
A13: Row Labels | B13: Count of Employee_ID | D13: Row Labels | E13: Count of Employee_ID | G13: Row Labels | H13: Count of Employee_ID
A14: Female | B14: 1003 | D14: Analyst | E14: 416 | G14: Bachelors | H14: 509
A15: Male | B15: 958 | D15: Consultant | E15: 409 | G15: High School | H15: 490
A16: Unknown | B16: 39 | D16: Engineer | E16: 387 | G16: Masters | H16: 521
A17: Grand Total | B17: 2000 | D17: Executive | E17: 382 | G17: PhD | H17: 480
D18: Manager | E18: 406 | G18: Grand Total | H18: 2000
D19: Grand Total | E19: 2000

Sheet Dashboard
A1: HR ANALYTICS DASHBOARD
A3: Employee, Attrition & Compensation Insights
A5: Total Employees | C5: Attrition Count | E5: Attrition Rate | G5: Average Salary | J5: Avg Total Compensation
A7: =Analysis!B2 -> 2000 | C7: =Analysis!B3 -> 390 | E7: =Analysis!B4 -> 0.195 | G7: =Analysis!B6 -> 69554.532 | J7: =Analysis!B8 -> 87230.796
